Gap,AM,CBD,porous,x,y,z,res,tliq,tam,tsol,CC/AM,CC/CBD,El/Sep,output_porosity,Active_Surface
1.0,93.0,7.0,40.0,50.0,50.0,96.2,1.0,6.982000000000001,3.9559999999999995,2.095,32.28,20.13,45.17999999999999,36.199999999999996,56.5
1.0,94.0,6.0,40.0,50.0,50.0,97.1,1.0,6.014,3.7090000000000005,2.143,31.340000000000003,18.67,48.34,37.10000000000001,58.8
1.0,95.0,5.0,40.0,50.0,50.0,97.9,1.0,5.529,3.3649999999999998,2.154000000000001,34.21,15.770000000000001,45.400000000000006,37.89999999999999,59.8
1.0,96.0,4.0,40.0,50.0,50.0,98.8,1.0,4.808,3.0510000000000006,2.168,36.18,12.629999999999999,46.209999999999994,38.800000000000004,62.2
11.0,93.0,7.0,40.0,50.0,50.0,96.1,1.0,7.066000000000001,3.9910000000000005,2.096,34.1,20.02,44.290000000000006,36.10000000000001,56.389999999999986
11.0,94.0,6.0,40.0,50.0,50.0,97.0,1.0,6.516,3.6060000000000003,2.103,33.87,17.990000000000002,44.60999999999999,37.0,57.39999999999999
11.0,95.0,5.0,40.0,50.0,50.0,97.8,1.0,5.557,3.344,2.146,37.55,14.920000000000002,42.760000000000005,37.800000000000004,59.7
11.0,96.0,4.0,40.0,50.0,50.0,98.7,1.0,4.788,3.038,2.165,35.239999999999995,12.49,48.17,38.699999999999996,62.06
21.0,93.0,7.0,40.0,50.0,50.0,96.1,1.0,7.158999999999999,4.005,2.094,30.57,20.7,47.07,36.10000000000001,56.39999999999999
21.0,94.0,6.0,40.0,50.0,50.0,97.0,1.0,6.417999999999999,3.5520000000000005,2.0970000000000004,31.669999999999998,18.58,45.17,37.0,57.39999999999999
21.0,95.0,5.0,40.0,50.0,50.0,97.8,1.0,5.503,3.279,2.132,33.67999999999999,15.819999999999999,47.0,37.800000000000004,59.7
21.0,96.0,4.0,40.0,50.0,50.0,98.7,1.0,4.795,3.059,2.1670000000000003,36.8,12.760000000000002,46.44,38.699999999999996,62.080000000000005
31.0,93.0,7.0,40.0,50.0,50.0,96.3,1.0,7.048,4.017,2.104,32.519999999999996,19.91,44.849999999999994,36.300000000000004,56.5
31.0,94.0,6.0,40.0,50.0,50.0,97.1,1.0,6.042,3.678,2.141,34.53,17.699999999999996,44.72,37.10000000000001,58.8
31.0,95.0,5.0,40.0,50.0,50.0,98.0,1.0,5.47,3.3270000000000004,2.1470000000000002,35.03000000000001,15.770000000000001,45.32000000000001,38.0,59.86999999999999
31.0,96.0,4.0,40.0,50.0,50.0,98.8,1.0,4.7989999999999995,3.043,2.164,36.989999999999995,12.8,45.75,38.800000000000004,62.2
41.0,93.0,7.0,40.0,50.0,50.0,96.5,1.0,6.869,4.016,2.105,30.330000000000002,20.71,46.21000000000001,36.5,56.81
41.0,94.0,6.0,40.0,50.0,50.0,97.3,1.0,5.861999999999999,3.694,2.152,32.290000000000006,17.7,46.72,37.300000000000004,59.10000000000001
41.0,95.0,5.0,40.0,50.0,50.0,98.2,1.0,5.162000000000001,3.375,2.184,34.32000000000001,15.460000000000003,47.86,38.199999999999996,61.48
41.0,96.0,4.0,40.0,50.0,50.0,99.0,1.0,4.49,3.1780000000000004,2.229,36.589999999999996,12.239999999999998,48.54,39.0,63.89999999999999
51.0,93.0,7.0,40.0,50.0,50.0,96.9,1.0,6.829000000000001,4.065,2.1249999999999996,30.24,20.729999999999997,45.95,36.89999999999999,57.3
51.0,94.0,6.0,40.0,50.0,50.0,97.7,1.0,5.8420000000000005,3.7060000000000004,2.1590000000000003,34.480000000000004,17.4,44.300000000000004,37.699999999999996,59.60000000000001
51.0,95.0,5.0,40.0,50.0,50.0,98.5,1.0,5.021,3.442,2.213,33.510000000000005,14.690000000000001,47.75,38.5,61.89999999999999
51.0,96.0,4.0,40.0,50.0,50.0,99.4,1.0,4.427000000000001,3.157,2.2280000000000006,35.07,12.84,49.379999999999995,39.39999999999999,64.36999999999998
61.0,93.0,7.0,40.0,50.0,50.0,97.3,1.0,6.1690000000000005,4.234,2.1730000000000005,30.3,19.709999999999997,47.67999999999999,37.300000000000004,59.10000000000001
61.0,94.0,6.0,40.0,50.0,50.0,98.2,1.0,5.394,3.899,2.221,33.75,17.21,46.769999999999996,38.199999999999996,61.470000000000006
61.0,95.0,5.0,40.0,50.0,50.0,99.0,1.0,4.760999999999999,3.537,2.246,32.76,15.26,50.59,39.0,63.879999999999995
61.0,96.0,4.0,40.0,50.0,50.0,99.9,1.0,4.372999999999999,3.2039999999999997,2.2569999999999997,34.989999999999995,12.57,48.04,39.89999999999999,65.0
71.0,93.0,7.0,40.0,50.0,50.0,97.9,1.0,5.961999999999999,4.299,2.2060000000000004,31.03,19.84,45.11,37.89999999999999,59.89999999999999
71.0,94.0,6.0,40.0,50.0,50.0,98.8,1.0,5.261,3.9579999999999997,2.254,32.14,17.230000000000004,47.9,38.800000000000004,62.29
71.0,95.0,5.0,40.0,50.0,50.0,99.6,1.0,4.6,3.594,2.279,33.75,14.64,47.980000000000004,39.60000000000001,64.70000000000002
71.0,96.0,4.0,40.0,50.0,50.0,100.0,1.0,4.091000000000001,3.3240000000000003,2.3270000000000004,32.67,12.620000000000001,52.75,40.5,67.20000000000002
81.0,93.0,7.0,40.0,50.0,50.0,98.6,1.0,5.473,4.449,2.2689999999999997,31.689999999999998,18.689999999999998,46.3,38.60000000000001,62.10000000000001
81.0,94.0,6.0,40.0,50.0,50.0,99.5,1.0,4.851,4.133,2.3140000000000005,31.929999999999996,16.160000000000004,47.72,39.5,64.5
81.0,95.0,5.0,40.0,50.0,50.0,100.0,1.0,4.276,3.772,2.362,31.240000000000002,14.290000000000001,51.73,40.300000000000004,67.01
81.0,96.0,4.0,40.0,50.0,50.0,101.0,1.0,3.821,3.4589999999999996,2.395,34.529999999999994,12.349999999999998,50.8,41.199999999999996,69.60000000000001
91.0,93.0,7.0,40.0,50.0,50.0,99.4,1.0,5.013,4.725,2.3529999999999998,29.3,19.150000000000002,49.15,39.39999999999999,64.5
91.0,94.0,6.0,40.0,50.0,50.0,100.0,1.0,4.462999999999999,4.2700000000000005,2.3950000000000005,33.230000000000004,15.77,48.13,40.300000000000004,67.0
91.0,95.0,5.0,40.0,50.0,50.0,101.0,1.0,3.9900000000000007,4.039,2.4720000000000004,33.01,13.830000000000002,50.35999999999999,41.10000000000001,69.60000000000001
91.0,96.0,4.0,40.0,50.0,50.0,102.0,1.0,3.7090000000000005,3.5459999999999994,2.4490000000000003,32.89,11.995999999999999,51.17999999999999,42.0,70.85999999999999
1.0,93.0,7.0,45.0,50.0,50.0,87.7,1.0,13.430000000000001,3.3289999999999993,1.858,34.989999999999995,21.830000000000002,38.959999999999994,32.699999999999996,47.660000000000004
1.0,93.0,7.0,46.0,50.0,50.0,86.0,1.0,16.87,3.1830000000000007,1.812,33.84000000000001,23.34,38.81999999999999,32.0,45.699999999999996
1.0,93.0,7.0,47.0,50.0,50.0,84.2,1.0,18.26,3.2039999999999997,1.8010000000000002,36.17999999999999,22.12,37.660000000000004,31.199999999999996,45.10000000000001
1.0,93.0,7.0,48.0,50.0,50.0,82.5,1.0,25.29,3.1000000000000005,1.7570000000000001,34.129999999999995,24.29,39.17,30.5,43.199999999999996
1.0,93.0,7.0,49.0,50.0,50.0,80.8,1.0,36.309999999999995,2.9399999999999995,1.7129999999999999,34.91,24.73,36.39,29.800000000000004,41.39999999999999
1.0,93.0,7.0,50.0,50.0,50.0,79.1,1.0,39.75,2.9490000000000003,1.7019999999999995,39.22,23.389999999999997,34.839999999999996,29.1,40.89999999999999
1.0,94.0,6.0,45.0,50.0,50.0,88.5,1.0,10.668000000000003,3.0919999999999996,1.8890000000000005,33.11999999999999,20.85,43.62,33.5,49.699999999999996
1.0,94.0,6.0,46.0,50.0,50.0,86.8,1.0,12.959999999999997,2.976,1.842,35.099999999999994,20.54,40.7,32.800000000000004,47.699999999999996
1.0,94.0,6.0,47.0,50.0,50.0,85.1,1.0,13.66,2.957,1.8270000000000004,37.559999999999995,20.07,39.809999999999995,32.10000000000001,47.10000000000001
1.0,94.0,6.0,48.0,50.0,50.0,83.4,1.0,16.720000000000002,2.837,1.777,35.13,21.779999999999998,41.029999999999994,31.4,45.199999999999996
1.0,94.0,6.0,49.0,50.0,50.0,81.6,1.0,21.93,2.7269999999999994,1.736,37.3,21.169999999999998,37.45,30.6,43.300000000000004
1.0,94.0,6.0,50.0,50.0,50.0,79.9,1.0,30.68999999999999,2.656,1.6989999999999998,39.339999999999996,21.270000000000003,33.55,29.9,41.39999999999999
1.0,95.0,5.0,45.0,50.0,50.0,89.4,1.0,8.610000000000001,2.861,1.9169999999999998,34.61,17.64,43.980000000000004,34.39999999999999,51.8
1.0,95.0,5.0,46.0,50.0,50.0,87.6,1.0,9.812999999999999,2.7700000000000005,1.8679999999999999,37.239999999999995,17.650000000000002,41.18000000000001,33.60000000000001,49.800000000000004
1.0,95.0,5.0,47.0,50.0,50.0,85.9,1.0,11.78,2.6559999999999997,1.8189999999999997,38.72,17.199999999999996,39.849999999999994,32.89999999999999,47.800000000000004
1.0,95.0,5.0,48.0,50.0,50.0,84.2,1.0,12.16,2.642,1.807,38.93,17.71,41.17999999999999,32.199999999999996,47.199999999999996
1.0,95.0,5.0,49.0,50.0,50.0,82.5,1.0,15.13,2.562,1.7619999999999998,40.42,18.119999999999997,38.45,31.5,45.27
1.0,95.0,5.0,50.0,50.0,50.0,80.8,1.0,19.43,2.479,1.721,38.809999999999995,18.65,37.64999999999999,30.800000000000004,43.300000000000004
1.0,96.0,4.0,45.0,50.0,50.0,90.2,1.0,6.982000000000001,2.6719999999999997,1.9419999999999997,39.07000000000001,13.700000000000003,43.88,35.199999999999996,54.0
1.0,96.0,4.0,46.0,50.0,50.0,88.5,1.0,7.886,2.59,1.8960000000000001,39.27,14.12,42.75999999999999,34.5,51.89999999999999
1.0,96.0,4.0,47.0,50.0,50.0,86.8,1.0,9.001999999999999,2.489,1.846,39.17999999999999,14.820000000000002,42.61,33.800000000000004,49.800000000000004
1.0,96.0,4.0,48.0,50.0,50.0,85.0,1.0,9.678,2.4770000000000008,1.828,40.36,14.660000000000002,42.39,33.0,49.27
1.0,96.0,4.0,49.0,50.0,50.0,83.3,1.0,11.750000000000002,2.408,1.7869999999999997,41.150000000000006,14.830000000000002,39.51,32.300000000000004,47.300000000000004
1.0,96.0,4.0,50.0,50.0,50.0,81.6,1.0,14.219999999999999,2.32,1.7400000000000002,40.82000000000001,15.719999999999999,39.55999999999999,31.6,45.300000000000004
11.0,93.0,7.0,45.0,50.0,50.0,87.9,1.0,13.260000000000002,3.311,1.8650000000000002,32.489999999999995,23.43,40.230000000000004,32.89999999999999,47.89999999999999
11.0,93.0,7.0,46.0,50.0,50.0,86.3,1.0,14.12,3.325,1.8479999999999996,34.83,22.229999999999997,40.75,32.300000000000004,47.300000000000004
11.0,93.0,7.0,47.0,50.0,50.0,84.6,1.0,18.0,3.2060000000000004,1.8060000000000003,33.57,23.439999999999994,39.64999999999999,31.6,45.40999999999999
11.0,93.0,7.0,48.0,50.0,50.0,83.0,1.0,23.110000000000007,3.0869999999999997,1.765,34.36,23.389999999999997,37.66,31.0,43.60000000000001
11.0,93.0,7.0,49.0,50.0,50.0,81.3,1.0,24.709999999999997,3.049,1.752,36.129999999999995,23.21,38.36,30.300000000000004,43.10000000000001
11.0,93.0,7.0,50.0,50.0,50.0,79.7,1.0,37.059999999999995,2.945,1.7109999999999999,33.22,25.580000000000002,38.94,29.699999999999996,41.300000000000004
11.0,94.0,6.0,45.0,50.0,50.0,88.8,1.0,10.256,3.091,1.9,36.67,19.05,40.220000000000006,33.800000000000004,49.919999999999995
11.0,94.0,6.0,46.0,50.0,50.0,87.1,1.0,10.754000000000001,3.064,1.8830000000000002,36.71,18.78,40.89,33.10000000000001,49.300000000000004
11.0,94.0,6.0,47.0,50.0,50.0,85.5,1.0,13.459999999999999,2.9800000000000004,1.832,35.58,20.67,40.87,32.5,47.39999999999999
11.0,94.0,6.0,48.0,50.0,50.0,83.8,1.0,15.55,2.848,1.791,35.269999999999996,21.79,39.709999999999994,31.800000000000004,45.580000000000005
11.0,94.0,6.0,49.0,50.0,50.0,82.2,1.0,17.16,2.844,1.778,38.190000000000005,20.699999999999996,38.519999999999996,31.199999999999996,45.010000000000005
11.0,94.0,6.0,50.0,50.0,50.0,80.5,1.0,21.229999999999997,2.7439999999999998,1.736,36.05,22.1,38.58,30.5,43.199999999999996
11.0,95.0,5.0,45.0,50.0,50.0,89.6,1.0,8.212,2.8809999999999993,1.9259999999999997,37.78,16.68,41.809999999999995,34.60000000000001,52.05
11.0,95.0,5.0,46.0,50.0,50.0,88.0,1.0,9.620000000000001,2.793,1.8780000000000001,38.87,17.130000000000003,40.43,34.0,50.10000000000001
11.0,95.0,5.0,47.0,50.0,50.0,86.3,1.0,10.178999999999998,2.759,1.859,36.839999999999996,18.04,41.93,33.300000000000004,49.489999999999995
11.0,95.0,5.0,48.0,50.0,50.0,84.7,1.0,12.190000000000001,2.652,1.8150000000000002,37.76,17.98,40.92,32.699999999999996,47.60000000000001
11.0,95.0,5.0,49.0,50.0,50.0,83.0,1.0,13.1,2.634,1.8030000000000002,40.839999999999996,17.03,38.970000000000006,32.0,47.07000000000001
11.0,95.0,5.0,50.0,50.0,50.0,81.4,1.0,15.91,2.5679999999999996,1.765,37.65,18.86,40.5,31.4,45.18999999999999
11.0,96.0,4.0,45.0,50.0,50.0,90.4,1.0,6.8069999999999995,2.659,1.9479999999999997,37.45,14.09,44.919999999999995,35.39999999999999,54.2
11.0,96.0,4.0,46.0,50.0,50.0,88.8,1.0,7.687,2.584,1.8969999999999998,39.18000000000001,14.27,42.47,34.800000000000004,52.2
11.0,96.0,4.0,47.0,50.0,50.0,87.2,1.0,7.976000000000001,2.581,1.888,41.150000000000006,13.870000000000001,41.75,34.199999999999996,51.60000000000001
11.0,96.0,4.0,48.0,50.0,50.0,85.5,1.0,9.367,2.4859999999999998,1.843,40.949999999999996,14.320000000000002,40.239999999999995,33.5,49.60000000000001
11.0,96.0,4.0,49.0,50.0,50.0,83.9,1.0,10.879999999999999,2.3990000000000005,1.795,40.18,15.14,40.370000000000005,32.89999999999999,47.660000000000004
11.0,96.0,4.0,50.0,50.0,50.0,82.2,1.0,11.73,2.386,1.781,42.29,14.309999999999999,39.88,32.199999999999996,47.199999999999996
21.0,93.0,7.0,45.0,50.0,50.0,88.3,1.0,11.760000000000002,3.466,1.908,33.61,22.04,41.86,33.300000000000004,49.5
21.0,93.0,7.0,46.0,50.0,50.0,86.7,1.0,13.65,3.321,1.861,33.839999999999996,22.490000000000002,39.510000000000005,32.699999999999996,47.699999999999996
21.0,93.0,7.0,47.0,50.0,50.0,85.1,1.0,14.190000000000003,3.3040000000000007,1.846,33.46,23.540000000000003,40.8,32.10000000000001,47.150000000000006
21.0,93.0,7.0,48.0,50.0,50.0,83.6,1.0,18.02,3.194,1.8080000000000003,34.91000000000001,23.03,39.010000000000005,31.6,45.39999999999999
21.0,93.0,7.0,49.0,50.0,50.0,82.0,1.0,23.14,3.086,1.766,34.809999999999995,23.73,36.36,31.0,43.60000000000001
21.0,93.0,7.0,50.0,50.0,50.0,80.4,1.0,24.57,3.043,1.7550000000000001,36.79,23.46,36.980000000000004,30.4,43.15
21.0,94.0,6.0,45.0,50.0,50.0,89.1,1.0,9.148000000000001,3.21,1.943,35.47,19.26,42.879999999999995,34.10000000000001,51.60000000000001
21.0,94.0,6.0,46.0,50.0,50.0,87.6,1.0,10.599,3.103,1.8960000000000001,35.2,19.86,41.74999999999999,33.60000000000001,49.699999999999996
21.0,94.0,6.0,47.0,50.0,50.0,86.0,1.0,12.749999999999998,3.000000000000001,1.8519999999999999,37.46,19.779999999999998,38.22,33.0,47.89999999999999
21.0,94.0,6.0,48.0,50.0,50.0,84.4,1.0,12.88,2.9530000000000003,1.8290000000000002,36.72,20.29,40.349999999999994,32.39999999999999,47.39999999999999
21.0,94.0,6.0,49.0,50.0,50.0,82.8,1.0,15.98,2.8619999999999997,1.791,36.470000000000006,21.04,38.69,31.800000000000004,45.540000000000006
21.0,94.0,6.0,50.0,50.0,50.0,81.3,1.0,16.6,2.835,1.777,38.26,20.45,38.06,31.300000000000004,45.10000000000001
21.0,95.0,5.0,45.0,50.0,50.0,90.0,1.0,8.243,2.8909999999999996,1.936,36.59,17.03,41.57,35.0,52.39999999999999
21.0,95.0,5.0,46.0,50.0,50.0,88.4,1.0,8.443999999999999,2.8770000000000002,1.9149999999999998,37.269999999999996,17.229999999999997,42.18999999999999,34.39999999999999,51.86999999999999
21.0,95.0,5.0,47.0,50.0,50.0,86.8,1.0,9.763,2.785999999999999,1.8770000000000002,37.11,17.74,40.93,33.800000000000004,49.89999999999999
21.0,95.0,5.0,48.0,50.0,50.0,85.3,1.0,10.184000000000001,2.758,1.8619999999999997,38.540000000000006,16.94,41.440000000000005,33.300000000000004,49.39999999999999
21.0,95.0,5.0,49.0,50.0,50.0,83.7,1.0,12.059999999999999,2.663,1.8160000000000003,37.470000000000006,18.2,42.18,32.699999999999996,47.580000000000005
21.0,95.0,5.0,50.0,50.0,50.0,82.1,1.0,12.819999999999999,2.6279999999999997,1.8050000000000002,38.82,17.82,40.83,32.10000000000001,47.10000000000001
21.0,96.0,4.0,45.0,50.0,50.0,90.8,1.0,6.809,2.697,1.967,38.620000000000005,13.41,42.690000000000005,35.800000000000004,54.60000000000001
21.0,96.0,4.0,46.0,50.0,50.0,89.2,1.0,6.969000000000001,2.669,1.9459999999999997,38.72,14.089999999999998,44.53000000000001,35.199999999999996,54.0
21.0,96.0,4.0,47.0,50.0,50.0,87.7,1.0,7.902000000000001,2.582,1.904,40.550000000000004,14.0,40.660000000000004,34.699999999999996,52.10000000000001
21.0,96.0,4.0,48.0,50.0,50.0,86.1,1.0,8.183000000000002,2.5700000000000003,1.8869999999999998,38.529999999999994,14.3,45.6,34.10000000000001,51.56
21.0,96.0,4.0,49.0,50.0,50.0,84.5,1.0,9.351999999999999,2.495,1.841,41.879999999999995,14.01,39.5,33.5,49.60000000000001
21.0,96.0,4.0,50.0,50.0,50.0,82.9,1.0,11.52,2.423,1.8,40.089999999999996,14.73,39.50000000000001,32.89999999999999,47.699999999999996
31.0,93.0,7.0,45.0,50.0,50.0,88.8,1.0,10.921,3.476,1.924,32.8,22.04,40.44,33.800000000000004,50.0
31.0,93.0,7.0,46.0,50.0,50.0,87.3,1.0,11.439999999999998,3.436,1.9049999999999998,33.46999999999999,22.300000000000004,41.87,33.300000000000004,49.5
31.0,93.0,7.0,47.0,50.0,50.0,85.8,1.0,13.26,3.319,1.861,33.86,23.080000000000002,39.71,32.800000000000004,47.699999999999996
31.0,93.0,7.0,48.0,50.0,50.0,84.3,1.0,14.129999999999999,3.348,1.8520000000000003,34.2,22.46,40.379999999999995,32.300000000000004,47.300000000000004
31.0,93.0,7.0,49.0,50.0,50.0,82.8,1.0,17.779999999999998,3.1769999999999996,1.8040000000000003,33.3,23.310000000000002,39.71999999999999,31.800000000000004,45.5
31.0,93.0,7.0,50.0,50.0,50.0,81.3,1.0,18.950000000000003,3.167,1.799,35.63000000000001,23.21,39.21000000000001,31.300000000000004,45.10000000000001
31.0,94.0,6.0,45.0,50.0,50.0,89.6,1.0,8.605999999999998,3.2340000000000004,1.953,36.12,18.94,41.089999999999996,34.60000000000001,52.10000000000001
31.0,94.0,6.0,46.0,50.0,50.0,88.1,1.0,9.218,3.2,1.939,35.550000000000004,19.32,42.269999999999996,34.10000000000001,51.60000000000001
31.0,94.0,6.0,47.0,50.0,50.0,86.6,1.0,10.616000000000001,3.107,1.8990000000000002,35.120000000000005,19.78,41.7,33.60000000000001,49.800000000000004
31.0,94.0,6.0,48.0,50.0,50.0,85.1,1.0,10.98,3.076,1.879,35.69,19.91,41.63,33.10000000000001,49.300000000000004
31.0,94.0,6.0,49.0,50.0,50.0,83.6,1.0,12.99,2.9579999999999993,1.8359999999999999,36.519999999999996,20.280000000000005,39.91,32.60000000000001,47.5
31.0,94.0,6.0,50.0,50.0,50.0,82.1,1.0,13.14,2.9189999999999996,1.825,39.53,19.490000000000002,38.23,32.10000000000001,47.10000000000001
31.0,95.0,5.0,45.0,50.0,50.0,90.4,1.0,7.342999999999999,2.9869999999999997,1.984,34.57,17.160000000000004,44.82000000000001,35.39999999999999,54.28000000000001
31.0,95.0,5.0,46.0,50.0,50.0,88.9,1.0,8.067,2.903,1.934,34.25,17.690000000000005,43.50000000000001,34.89999999999999,52.39999999999999
31.0,95.0,5.0,47.0,50.0,50.0,87.4,1.0,8.501000000000001,2.8740000000000006,1.922,36.18,17.5,44.15,34.39999999999999,51.89999999999999
31.0,95.0,5.0,48.0,50.0,50.0,85.9,1.0,9.677000000000001,2.787,1.8720000000000003,36.089999999999996,17.569999999999997,42.07,33.89999999999999,50.0
31.0,95.0,5.0,49.0,50.0,50.0,84.4,1.0,9.966000000000003,2.747,1.863,38.29,16.96,41.86,33.39999999999999,49.60000000000001
31.0,95.0,5.0,50.0,50.0,50.0,82.9,1.0,11.7,2.678,1.8219999999999998,38.82000000000001,17.589999999999996,39.059999999999995,32.89999999999999,47.75
31.0,96.0,4.0,45.0,50.0,50.0,91.3,1.0,6.0809999999999995,2.7760000000000002,2.017,37.98,13.66,44.89,36.300000000000004,56.5
31.0,96.0,4.0,46.0,50.0,50.0,89.8,1.0,6.612,2.679,1.9599999999999997,39.5,13.179999999999998,42.10000000000001,35.800000000000004,54.56000000000002
31.0,96.0,4.0,47.0,50.0,50.0,88.3,1.0,6.772,2.651,1.9440000000000002,39.839999999999996,13.719999999999999,42.980000000000004,35.300000000000004,54.10000000000001
31.0,96.0,4.0,48.0,50.0,50.0,86.8,1.0,7.725999999999999,2.6,1.8979999999999997,37.790000000000006,14.88,45.050000000000004,34.800000000000004,52.160000000000004
31.0,96.0,4.0,49.0,50.0,50.0,85.3,1.0,7.978,2.571,1.893,38.81,14.55,44.07000000000001,34.300000000000004,51.7
31.0,96.0,4.0,50.0,50.0,50.0,83.8,1.0,9.169,2.494,1.8419999999999999,40.46999999999999,14.140000000000004,40.379999999999995,33.800000000000004,49.800000000000004
41.0,93.0,7.0,45.0,50.0,50.0,89.4,1.0,9.385,3.59,1.9680000000000004,33.06,20.98,42.370000000000005,34.39999999999999,51.84999999999999
41.0,93.0,7.0,46.0,50.0,50.0,87.9,1.0,10.68,3.482,1.9150000000000003,32.870000000000005,22.09,42.089999999999996,33.89999999999999,50.150000000000006
41.0,93.0,7.0,47.0,50.0,50.0,86.5,1.0,11.11,3.443,1.9080000000000001,33.410000000000004,21.860000000000003,41.989999999999995,33.5,49.699999999999996
41.0,93.0,7.0,48.0,50.0,50.0,85.1,1.0,11.34,3.4299999999999997,1.893,36.01,21.520000000000003,40.190000000000005,33.10000000000001,49.300000000000004
41.0,93.0,7.0,49.0,50.0,50.0,83.6,1.0,13.85,3.336,1.858,34.83,21.839999999999996,38.160000000000004,32.60000000000001,47.60000000000001
41.0,93.0,7.0,50.0,50.0,50.0,82.2,1.0,14.02,3.332,1.8470000000000002,32.67999999999999,22.66,41.69,32.199999999999996,47.199999999999996
41.0,94.0,6.0,45.0,50.0,50.0,90.2,1.0,7.656999999999999,3.3659999999999997,2.0029999999999997,35.31000000000001,18.44,43.08,35.199999999999996,54.0
41.0,94.0,6.0,46.0,50.0,50.0,88.8,1.0,8.834999999999999,3.2630000000000003,1.9610000000000003,33.290000000000006,19.910000000000004,44.99,34.800000000000004,52.28000000000001
41.0,94.0,6.0,47.0,50.0,50.0,87.3,1.0,8.894,3.2120000000000006,1.9459999999999997,35.44,19.36,41.62,34.300000000000004,51.8
41.0,94.0,6.0,48.0,50.0,50.0,85.9,1.0,10.282,3.0909999999999997,1.9,35.589999999999996,19.82,41.709999999999994,33.89999999999999,50.080000000000005
41.0,94.0,6.0,49.0,50.0,50.0,84.5,1.0,10.52,3.1310000000000002,1.892,36.88,19.51,40.199999999999996,33.5,49.69
41.0,94.0,6.0,50.0,50.0,50.0,83.1,1.0,10.836,3.034,1.8760000000000001,36.69,19.53,41.31,33.10000000000001,49.300000000000004
41.0,95.0,5.0,45.0,50.0,50.0,91.0,1.0,6.502,3.102,2.038,38.08,15.440000000000001,43.989999999999995,36.0,56.269999999999996
41.0,95.0,5.0,46.0,50.0,50.0,89.6,1.0,7.175000000000002,2.976,1.985,35.58,16.36,44.06,35.60000000000001,54.39999999999999
41.0,95.0,5.0,47.0,50.0,50.0,88.2,1.0,7.329000000000001,2.9859999999999998,1.975,36.29,16.840000000000003,44.72,35.199999999999996,54.0
41.0,95.0,5.0,48.0,50.0,50.0,86.8,1.0,8.315000000000001,2.8810000000000002,1.9300000000000002,36.279999999999994,17.26,42.87,34.800000000000004,52.2
41.0,95.0,5.0,49.0,50.0,50.0,85.3,1.0,8.343,2.854,1.9139999999999997,34.89,17.779999999999998,44.3,34.300000000000004,51.8
41.0,95.0,5.0,50.0,50.0,50.0,83.9,1.0,9.899,2.8020000000000005,1.879,38.290000000000006,17.13,39.34,33.89999999999999,50.0
41.0,96.0,4.0,45.0,50.0,50.0,91.9,1.0,5.9030000000000005,2.808,2.034,37.269999999999996,13.61,44.260000000000005,36.89999999999999,57.10000000000001
41.0,96.0,4.0,46.0,50.0,50.0,90.5,1.0,6.093999999999999,2.7909999999999995,2.019,37.6,13.330000000000002,45.349999999999994,36.5,56.69
41.0,96.0,4.0,47.0,50.0,50.0,89.0,1.0,6.145,2.747,2.0010000000000003,38.339999999999996,13.61,45.16,36.0,56.21
41.0,96.0,4.0,48.0,50.0,50.0,87.6,1.0,6.831999999999999,2.677,1.9569999999999996,38.92,13.91,43.019999999999996,35.60000000000001,54.389999999999986
41.0,96.0,4.0,49.0,50.0,50.0,86.2,1.0,6.954000000000001,2.662,1.9449999999999998,40.11,13.790000000000001,42.25,35.199999999999996,53.96999999999999
41.0,96.0,4.0,50.0,50.0,50.0,84.8,1.0,7.813,2.583,1.8980000000000001,39.48,14.15,41.55,34.800000000000004,52.10000000000001
51.0,93.0,7.0,45.0,50.0,50.0,90.1,1.0,8.193999999999999,3.807,2.024,32.29,21.139999999999997,44.510000000000005,35.10000000000001,53.89999999999999
51.0,93.0,7.0,46.0,50.0,50.0,88.7,1.0,9.238999999999999,3.6399999999999997,1.9789999999999999,33.35000000000001,21.36,41.480000000000004,34.699999999999996,52.2
51.0,93.0,7.0,47.0,50.0,50.0,87.4,1.0,9.33,3.623,1.968,33.87,21.319999999999997,41.95,34.39999999999999,51.889999999999986
51.0,93.0,7.0,48.0,50.0,50.0,86.0,1.0,9.661999999999999,3.554,1.952,32.35,21.740000000000002,43.83999999999999,34.0,51.5
51.0,93.0,7.0,49.0,50.0,50.0,84.7,1.0,11.489999999999998,3.5,1.918,32.720000000000006,21.97,42.15,33.699999999999996,49.800000000000004
51.0,93.0,7.0,50.0,50.0,50.0,83.3,1.0,11.28,3.4530000000000003,1.903,33.22,21.85,42.11,33.300000000000004,49.5
51.0,94.0,6.0,45.0,50.0,50.0,90.9,1.0,7.457000000000001,3.3699999999999997,2.0170000000000003,32.650000000000006,18.869999999999997,43.16,35.89999999999999,54.8
51.0,94.0,6.0,46.0,50.0,50.0,89.6,1.0,7.612,3.3880000000000003,2.018,33.709999999999994,18.93,43.64,35.60000000000001,54.39999999999999
51.0,94.0,6.0,47.0,50.0,50.0,88.2,1.0,7.853999999999999,3.34,2.003,34.230000000000004,19.05,44.42,35.199999999999996,54.0
51.0,94.0,6.0,48.0,50.0,50.0,86.9,1.0,8.626999999999999,3.239,1.9600000000000002,35.190000000000005,19.55,41.08,34.89999999999999,52.3
51.0,94.0,6.0,49.0,50.0,50.0,85.5,1.0,8.758000000000001,3.2059999999999995,1.9470000000000003,35.660000000000004,19.1,41.239999999999995,34.5,51.92999999999999
51.0,94.0,6.0,50.0,50.0,50.0,84.1,1.0,9.06,3.193,1.937,36.35,19.259999999999998,42.04,34.10000000000001,51.60000000000001
51.0,95.0,5.0,45.0,50.0,50.0,91.8,1.0,6.159000000000001,3.1310000000000002,2.056,35.230000000000004,15.920000000000002,44.13,36.800000000000004,57.0
51.0,95.0,5.0,46.0,50.0,50.0,90.4,1.0,6.3759999999999994,3.105,2.0469999999999997,35.87,16.15,44.35,36.39999999999999,56.60000000000001
51.0,95.0,5.0,47.0,50.0,50.0,89.1,1.0,6.502,3.1059999999999994,2.038,34.37,16.5,47.040000000000006,36.10000000000001,56.239999999999995
51.0,95.0,5.0,48.0,50.0,50.0,87.7,1.0,7.133,2.9940000000000007,1.9829999999999999,34.31,17.009999999999998,45.31,35.699999999999996,54.5
51.0,95.0,5.0,49.0,50.0,50.0,86.3,1.0,7.352000000000001,2.973,1.9770000000000003,34.790000000000006,16.949999999999996,46.05,35.300000000000004,54.10000000000001
51.0,95.0,5.0,50.0,50.0,50.0,85.0,1.0,8.264,2.887,1.9309999999999998,33.64,17.95,44.49,35.0,52.32000000000001
51.0,96.0,4.0,45.0,50.0,50.0,92.6,1.0,5.372999999999999,2.9090000000000003,2.089,36.57,12.78,47.19,37.60000000000001,59.339999999999996
51.0,96.0,4.0,46.0,50.0,50.0,91.3,1.0,5.422,2.8779999999999992,2.069,36.230000000000004,13.440000000000001,46.52,37.300000000000004,58.919999999999995
51.0,96.0,4.0,47.0,50.0,50.0,89.9,1.0,5.934,2.8129999999999997,2.0300000000000002,36.06999999999999,13.669999999999998,46.209999999999994,36.89999999999999,57.10000000000001
51.0,96.0,4.0,48.0,50.0,50.0,88.5,1.0,5.927999999999999,2.7720000000000002,2.016,37.07,14.069999999999999,45.98,36.5,56.7
51.0,96.0,4.0,49.0,50.0,50.0,87.2,1.0,6.1370000000000005,2.7729999999999997,2.0079999999999996,38.31,13.13,44.440000000000005,36.199999999999996,56.39
51.0,96.0,4.0,50.0,50.0,50.0,85.8,1.0,6.706999999999999,2.681,1.959,37.68,14.180000000000001,43.78,35.800000000000004,54.5
61.0,93.0,7.0,45.0,50.0,50.0,90.9,1.0,7.794000000000001,3.842999999999999,2.0559999999999996,30.979999999999997,21.389999999999997,43.43999999999999,35.89999999999999,54.81
61.0,93.0,7.0,46.0,50.0,50.0,89.6,1.0,8.053999999999998,3.789,2.0379999999999994,31.7,21.169999999999998,43.62,35.60000000000001,54.5
61.0,93.0,7.0,47.0,50.0,50.0,88.3,1.0,8.068000000000001,3.8200000000000003,2.027,32.44,21.240000000000002,44.01,35.300000000000004,54.2
61.0,93.0,7.0,48.0,50.0,50.0,87.1,1.0,8.236,3.7969999999999997,2.0200000000000005,34.57000000000001,20.79,42.61,35.10000000000001,53.889999999999986
61.0,93.0,7.0,49.0,50.0,50.0,85.8,1.0,9.193000000000001,3.6160000000000005,1.9780000000000002,34.190000000000005,20.86,40.18,34.800000000000004,52.27
61.0,93.0,7.0,50.0,50.0,50.0,84.5,1.0,9.447999999999999,3.6420000000000003,1.9700000000000002,33.74,21.089999999999996,41.60000000000001,34.5,52.0
61.0,94.0,6.0,45.0,50.0,50.0,91.8,1.0,6.609999999999999,3.558,2.0900000000000003,32.989999999999995,18.13,45.21999999999999,36.800000000000004,57.09000000000001
61.0,94.0,6.0,46.0,50.0,50.0,90.5,1.0,6.601000000000001,3.53,2.0789999999999997,32.45,18.629999999999995,45.04,36.5,56.7
61.0,94.0,6.0,47.0,50.0,50.0,89.2,1.0,6.786,3.525,2.0700000000000003,32.29,18.54,46.54,36.199999999999996,56.39999999999999
61.0,94.0,6.0,48.0,50.0,50.0,87.9,1.0,7.467999999999999,3.407,2.0249999999999995,33.31,18.990000000000002,42.92,35.89999999999999,54.7
61.0,94.0,6.0,49.0,50.0,50.0,86.6,1.0,7.5760000000000005,3.3850000000000002,2.0149999999999997,36.02,18.689999999999998,41.3,35.60000000000001,54.39999999999999
61.0,94.0,6.0,50.0,50.0,50.0,85.3,1.0,7.761,3.3689999999999998,2.0159999999999996,33.43000000000001,19.099999999999998,44.92,35.300000000000004,54.10000000000001
61.0,95.0,5.0,45.0,50.0,50.0,92.6,1.0,5.6819999999999995,3.322,2.13,35.660000000000004,15.41,44.57,37.60000000000001,59.379999999999995
61.0,95.0,5.0,46.0,50.0,50.0,91.3,1.0,5.6259999999999994,3.2559999999999993,2.1100000000000003,35.95,15.559999999999999,44.870000000000005,37.300000000000004,59.0
61.0,95.0,5.0,47.0,50.0,50.0,90.0,1.0,5.7589999999999995,3.239,2.103,35.32,15.95,46.230000000000004,37.0,58.7
61.0,95.0,5.0,48.0,50.0,50.0,88.7,1.0,6.238999999999999,3.129,2.057,35.09,15.980000000000004,44.86,36.699999999999996,57.0
61.0,95.0,5.0,49.0,50.0,50.0,87.5,1.0,6.392,3.1090000000000004,2.047,34.1,16.47,46.24,36.5,56.7
61.0,95.0,5.0,50.0,50.0,50.0,86.2,1.0,6.507,3.119,2.0479999999999996,36.17,16.169999999999998,44.74,36.199999999999996,56.39999999999999
61.0,96.0,4.0,45.0,50.0,50.0,93.4,1.0,4.86,3.0389999999999993,2.1640000000000006,35.5,13.1,47.6,38.39999999999999,61.720000000000006
61.0,96.0,4.0,46.0,50.0,50.0,92.2,1.0,4.943,3.008,2.146,36.67,12.78,47.45,38.199999999999996,61.39999999999999
61.0,96.0,4.0,47.0,50.0,50.0,90.9,1.0,5.286,2.908,2.0949999999999998,36.5,13.09,44.63,37.89999999999999,59.60000000000001
61.0,96.0,4.0,48.0,50.0,50.0,89.6,1.0,5.340999999999999,2.8939999999999992,2.084,36.3,13.2,46.89,37.60000000000001,59.3
61.0,96.0,4.0,49.0,50.0,50.0,88.3,1.0,5.392,2.8739999999999997,2.073,35.589999999999996,13.790000000000001,48.279999999999994,37.300000000000004,59.0
61.0,96.0,4.0,50.0,50.0,50.0,87.0,1.0,5.524000000000001,2.8920000000000003,2.0700000000000003,36.529999999999994,13.839999999999998,47.239999999999995,37.0,58.7
71.0,93.0,7.0,45.0,50.0,50.0,91.9,1.0,6.774999999999999,4.106,2.128,31.4,20.630000000000003,44.280000000000015,36.89999999999999,57.21
71.0,93.0,7.0,46.0,50.0,50.0,90.6,1.0,6.817,4.01,2.11,31.459999999999997,20.709999999999997,44.69,36.60000000000001,56.98
71.0,93.0,7.0,47.0,50.0,50.0,89.4,1.0,7.027000000000001,3.9829999999999997,2.099,31.400000000000006,20.9,45.519999999999996,36.39999999999999,56.7
71.0,93.0,7.0,48.0,50.0,50.0,88.2,1.0,7.1129999999999995,3.971000000000001,2.097,32.99,19.830000000000005,44.12,36.199999999999996,56.459999999999994
71.0,93.0,7.0,49.0,50.0,50.0,87.0,1.0,7.261,3.9590000000000005,2.0949999999999998,30.04,20.57,46.65,36.0,56.2
71.0,93.0,7.0,50.0,50.0,50.0,85.8,1.0,7.822,3.8310000000000004,2.04,31.740000000000002,20.85,42.75,35.800000000000004,54.63000000000001
71.0,94.0,6.0,45.0,50.0,50.0,92.7,1.0,5.901000000000001,3.713,2.16,33.06,17.78,45.669999999999995,37.699999999999996,59.5
71.0,94.0,6.0,46.0,50.0,50.0,91.5,1.0,5.909999999999999,3.7340000000000004,2.152,31.790000000000003,18.07,46.78999999999999,37.5,59.279999999999994
71.0,94.0,6.0,47.0,50.0,50.0,90.3,1.0,5.992999999999999,3.6669999999999994,2.1409999999999996,33.48,18.220000000000002,45.129999999999995,37.300000000000004,59.0
71.0,94.0,6.0,48.0,50.0,50.0,89.1,1.0,6.122000000000002,3.707,2.142,33.510000000000005,18.380000000000003,46.47,37.10000000000001,58.779999999999994
71.0,94.0,6.0,49.0,50.0,50.0,87.9,1.0,6.534999999999999,3.5409999999999995,2.0879999999999996,33.48,18.099999999999998,44.87,36.89999999999999,57.110000000000014
71.0,94.0,6.0,50.0,50.0,50.0,86.6,1.0,6.612,3.5550000000000006,2.082,32.769999999999996,18.55,45.220000000000006,36.60000000000001,56.89999999999999
71.0,95.0,5.0,45.0,50.0,50.0,93.5,1.0,5.096,3.466,2.2079999999999997,32.050000000000004,15.790000000000001,48.510000000000005,38.5,61.89999999999999
71.0,95.0,5.0,46.0,50.0,50.0,92.3,1.0,5.150999999999999,3.4,2.186,35.02,15.219999999999999,46.95,38.300000000000004,61.60000000000001
71.0,95.0,5.0,47.0,50.0,50.0,91.1,1.0,5.196,3.404,2.185,34.41,15.569999999999999,47.379999999999995,38.10000000000001,61.389999999999986
71.0,95.0,5.0,48.0,50.0,50.0,89.9,1.0,5.511,3.29,2.1350000000000002,33.16,15.979999999999999,46.85,37.89999999999999,59.7
71.0,95.0,5.0,49.0,50.0,50.0,88.7,1.0,5.634000000000001,3.283,2.129,33.33,15.819999999999999,47.269999999999996,37.699999999999996,59.419999999999995
71.0,95.0,5.0,50.0,50.0,50.0,87.5,1.0,5.6259999999999994,3.2199999999999998,2.1109999999999998,34.61,15.77,46.25,37.5,59.2
71.0,96.0,4.0,45.0,50.0,50.0,94.4,1.0,4.449,3.141,2.232,34.129999999999995,12.4,50.02,39.39999999999999,64.30999999999999
71.0,96.0,4.0,46.0,50.0,50.0,93.2,1.0,4.452,3.1559999999999997,2.224,38.010000000000005,11.940000000000001,46.63,39.199999999999996,64.07000000000002
71.0,96.0,4.0,47.0,50.0,50.0,92.0,1.0,4.803000000000001,3.069,2.178,34.849999999999994,13.12,48.760000000000005,39.0,62.31
71.0,96.0,4.0,48.0,50.0,50.0,90.8,1.0,4.763,3.03,2.16,35.74,12.839999999999998,47.62,38.800000000000004,62.080000000000005
71.0,96.0,4.0,49.0,50.0,50.0,89.5,1.0,4.8100000000000005,3.054,2.157,36.58,12.71,47.14,38.5,61.8
71.0,96.0,4.0,50.0,50.0,50.0,88.3,1.0,4.903,3.0220000000000002,2.1510000000000002,35.809999999999995,13.510000000000002,48.38,38.300000000000004,61.60000000000001
81.0,93.0,7.0,45.0,50.0,50.0,92.9,1.0,6.049000000000001,4.308999999999999,2.21,29.429999999999996,19.7,46.61,37.89999999999999,59.86999999999999
81.0,93.0,7.0,46.0,50.0,50.0,91.8,1.0,6.1049999999999995,4.275,2.1990000000000003,30.329999999999995,19.85,46.17,37.800000000000004,59.67
81.0,93.0,7.0,47.0,50.0,50.0,90.6,1.0,6.059,4.261,2.1800000000000006,32.32,19.31,45.35,37.60000000000001,59.48
81.0,93.0,7.0,48.0,50.0,50.0,89.5,1.0,6.1259999999999994,4.234,2.1919999999999997,31.45,20.01,45.230000000000004,37.5,59.29
81.0,93.0,7.0,49.0,50.0,50.0,88.4,1.0,6.323,4.2219999999999995,2.1710000000000003,32.19,19.07,45.83,37.39999999999999,59.10000000000001
81.0,93.0,7.0,50.0,50.0,50.0,87.2,1.0,6.307999999999999,4.154999999999999,2.1740000000000004,33.67,18.9,43.66,37.199999999999996,58.90999999999999
81.0,94.0,6.0,45.0,50.0,50.0,93.8,1.0,5.25,3.9259999999999997,2.246,31.880000000000003,17.029999999999998,46.25,38.800000000000004,62.2
81.0,94.0,6.0,46.0,50.0,50.0,92.6,1.0,5.282,3.9129999999999994,2.232,30.540000000000003,17.990000000000002,47.75,38.60000000000001,62.0
81.0,94.0,6.0,47.0,50.0,50.0,91.5,1.0,5.325000000000001,3.929,2.24,31.310000000000002,17.6,47.89,38.5,61.83
81.0,94.0,6.0,48.0,50.0,50.0,90.3,1.0,5.322,3.875000000000001,2.2270000000000003,33.86,17.21,45.26,38.300000000000004,61.65
81.0,94.0,6.0,49.0,50.0,50.0,89.2,1.0,5.386000000000001,3.846000000000001,2.226,33.339999999999996,17.03,47.5,38.199999999999996,61.48
81.0,94.0,6.0,50.0,50.0,50.0,88.1,1.0,5.432,3.849,2.2119999999999997,30.21,17.79,50.79,38.10000000000001,61.3
81.0,95.0,5.0,45.0,50.0,50.0,94.6,1.0,4.581,3.6079999999999997,2.2800000000000002,33.16,14.920000000000002,48.010000000000005,39.60000000000001,64.67
81.0,95.0,5.0,46.0,50.0,50.0,93.5,1.0,4.662999999999999,3.582,2.2689999999999997,34.44,14.429999999999998,47.14,39.5,64.47999999999999
81.0,95.0,5.0,47.0,50.0,50.0,92.3,1.0,4.689000000000001,3.569,2.272,34.87,14.459999999999999,47.23,39.300000000000004,64.28999999999999
81.0,95.0,5.0,48.0,50.0,50.0,91.2,1.0,4.699,3.5549999999999997,2.258,33.66,14.889999999999997,47.71,39.199999999999996,64.10000000000001
81.0,95.0,5.0,49.0,50.0,50.0,90.0,1.0,4.743,3.558,2.2649999999999997,33.8,15.05,48.83,39.0,63.89999999999999
81.0,95.0,5.0,50.0,50.0,50.0,88.9,1.0,5.003,3.4229999999999996,2.205,31.520000000000003,15.8,48.76,38.89999999999999,62.3
81.0,96.0,4.0,45.0,50.0,50.0,95.5,1.0,4.0920000000000005,3.3370000000000006,2.324,32.910000000000004,13.05,51.11,40.5,67.15
81.0,96.0,4.0,46.0,50.0,50.0,94.3,1.0,4.1049999999999995,3.2950000000000004,2.3120000000000003,35.51,11.87,49.04,40.300000000000004,66.99
81.0,96.0,4.0,47.0,50.0,50.0,93.2,1.0,4.109999999999999,3.271,2.3,33.37,12.040000000000003,50.91,40.199999999999996,66.79999999999998
81.0,96.0,4.0,48.0,50.0,50.0,92.0,1.0,4.143,3.2969999999999997,2.3089999999999997,34.260000000000005,12.54,50.910000000000004,40.0,66.60000000000001
81.0,96.0,4.0,49.0,50.0,50.0,90.9,1.0,4.357,3.195,2.255,36.38,12.02,45.11,39.89999999999999,64.91999999999999
81.0,96.0,4.0,50.0,50.0,50.0,89.8,1.0,4.389000000000001,3.182,2.249,33.64999999999999,13.479999999999999,49.82,39.800000000000004,64.72999999999999
91.0,93.0,7.0,45.0,50.0,50.0,94.1,1.0,5.186,4.654999999999999,2.3329999999999997,31.77,18.32,47.67,39.10000000000001,64.0
91.0,93.0,7.0,46.0,50.0,50.0,93.0,1.0,5.115,4.596,2.324,32.300000000000004,18.16,46.86,39.0,63.89999999999999
91.0,93.0,7.0,47.0,50.0,50.0,92.0,1.0,5.377000000000001,4.552,2.2789999999999995,30.74,18.73,46.05,39.0,62.5
91.0,93.0,7.0,48.0,50.0,50.0,90.9,1.0,5.379999999999999,4.606,2.292,30.610000000000003,18.64,46.239999999999995,38.89999999999999,62.39999999999999
91.0,93.0,7.0,49.0,50.0,50.0,89.8,1.0,5.444999999999999,4.4590000000000005,2.274,31.05,19.13,46.41,38.800000000000004,62.3
91.0,93.0,7.0,50.0,50.0,50.0,88.8,1.0,5.478,4.428999999999999,2.263,28.619999999999997,19.65,48.34,38.800000000000004,62.2
91.0,94.0,6.0,45.0,50.0,50.0,95.0,1.0,4.708,4.129,2.3419999999999996,29.919999999999998,17.11,49.03000000000001,40.0,65.17
91.0,94.0,6.0,46.0,50.0,50.0,93.9,1.0,4.722,4.1450000000000005,2.337,32.53,16.440000000000005,47.370000000000005,39.89999999999999,65.07000000000001
91.0,94.0,6.0,47.0,50.0,50.0,92.8,1.0,4.7909999999999995,4.096000000000001,2.322,30.03,17.169999999999995,49.61999999999999,39.800000000000004,64.93999999999998
91.0,94.0,6.0,48.0,50.0,50.0,91.7,1.0,4.769,4.0329999999999995,2.3169999999999997,31.46,16.71,48.0,39.699999999999996,64.79999999999998
91.0,94.0,6.0,49.0,50.0,50.0,90.7,1.0,4.765000000000001,4.082,2.324,32.67,16.569999999999997,46.75,39.699999999999996,64.72
91.0,94.0,6.0,50.0,50.0,50.0,89.6,1.0,4.776,4.035000000000001,2.321,31.279999999999994,17.000000000000004,48.39,39.60000000000001,64.61000000000001
91.0,95.0,5.0,45.0,50.0,50.0,95.8,1.0,4.178,3.7979999999999996,2.369,31.599999999999994,14.52,49.940000000000005,40.800000000000004,67.70000000000002
91.0,95.0,5.0,46.0,50.0,50.0,94.7,1.0,4.21,3.7920000000000003,2.3750000000000004,30.640000000000004,14.709999999999999,51.38000000000001,40.699999999999996,67.59
91.0,95.0,5.0,47.0,50.0,50.0,93.7,1.0,4.1930000000000005,3.8,2.363,30.93,14.720000000000002,50.52000000000001,40.699999999999996,67.46
91.0,95.0,5.0,48.0,50.0,50.0,92.6,1.0,4.271000000000001,3.8150000000000004,2.376,32.410000000000004,14.74,48.95,40.60000000000001,67.38999999999999
91.0,95.0,5.0,49.0,50.0,50.0,91.5,1.0,4.237,3.7520000000000002,2.357,30.870000000000005,14.85,51.36999999999999,40.5,67.27000000000001
91.0,95.0,5.0,50.0,50.0,50.0,90.5,1.0,4.28,3.7849999999999993,2.367,32.480000000000004,14.34,49.2,40.5,67.17000000000002
91.0,96.0,4.0,45.0,50.0,50.0,96.6,1.0,3.753,3.479,2.4189999999999996,33.83,12.169999999999998,50.64,41.60000000000001,70.29999999999998
91.0,96.0,4.0,46.0,50.0,50.0,95.6,1.0,3.739,3.4939999999999998,2.4210000000000003,35.32,11.549999999999999,48.59,41.60000000000001,70.20000000000002
91.0,96.0,4.0,47.0,50.0,50.0,94.5,1.0,3.7939999999999996,3.507,2.419,34.74999999999999,12.010000000000002,50.05999999999999,41.5,70.07000000000001
91.0,96.0,4.0,48.0,50.0,50.0,93.4,1.0,3.771000000000001,3.495,2.4140000000000006,34.99,11.34,48.66,41.39999999999999,69.97999999999999
91.0,96.0,4.0,49.0,50.0,50.0,92.4,1.0,3.7670000000000003,3.471,2.4099999999999997,34.61,11.919999999999998,50.42999999999999,41.39999999999999,69.87999999999998
91.0,96.0,4.0,50.0,50.0,50.0,91.3,1.0,3.781999999999999,3.463,2.401,33.42999999999999,11.919999999999998,52.39999999999999,41.300000000000004,69.76
1.0,93.0,7.0,42.0,50.0,50.0,92.8,1.0,8.951,3.69,1.987,33.269999999999996,21.340000000000003,41.339999999999996,34.800000000000004,52.39999999999999
1.0,94.0,6.0,42.0,50.0,50.0,93.7,1.0,7.522000000000001,3.397,2.021,33.39999999999999,19.58,43.489999999999995,35.699999999999996,54.57000000000001
1.0,95.0,5.0,42.0,50.0,50.0,94.5,1.0,6.377000000000001,3.12,2.045,34.959999999999994,15.710000000000003,46.47,36.5,56.78000000000001
1.0,96.0,4.0,42.0,50.0,50.0,95.3,1.0,5.431,2.899,2.082,36.690000000000005,13.52,46.42999999999999,37.300000000000004,59.09000000000001
11.0,93.0,7.0,42.0,50.0,50.0,92.8,1.0,9.103,3.652,1.9849999999999999,32.370000000000005,21.31,42.64,34.800000000000004,52.39999999999999
11.0,94.0,6.0,42.0,50.0,50.0,93.7,1.0,7.384,3.378,2.018,35.61,18.18,42.66,35.699999999999996,54.60000000000001
11.0,95.0,5.0,42.0,50.0,50.0,94.5,1.0,6.31,3.1229999999999998,2.053,35.18,15.939999999999998,45.71,36.5,56.8
11.0,96.0,4.0,42.0,50.0,50.0,95.4,1.0,5.430000000000001,2.8920000000000003,2.0780000000000003,35.21,13.51,47.480000000000004,37.39999999999999,59.10000000000001
21.0,93.0,7.0,42.0,50.0,50.0,93.0,1.0,8.862,3.689,1.9919999999999998,31.060000000000002,21.65,43.02,35.0,52.60000000000001
21.0,94.0,6.0,42.0,50.0,50.0,93.8,1.0,7.308,3.41,2.026,34.62,18.35,42.55,35.800000000000004,54.77
21.0,95.0,5.0,42.0,50.0,50.0,94.7,1.0,6.265000000000001,3.1440000000000006,2.0620000000000003,36.68,15.809999999999999,43.33,36.699999999999996,57.0
21.0,96.0,4.0,42.0,50.0,50.0,95.5,1.0,5.346000000000001,2.903,2.09,37.9,12.88,45.37,37.5,59.29
31.0,93.0,7.0,42.0,50.0,50.0,93.3,1.0,8.061,3.804,2.025,33.970000000000006,20.060000000000002,42.55,35.300000000000004,54.10000000000001
31.0,94.0,6.0,42.0,50.0,50.0,94.1,1.0,6.769,3.505,2.068,35.07,17.82,43.480000000000004,36.10000000000001,56.3
31.0,95.0,5.0,42.0,50.0,50.0,95.0,1.0,6.208000000000001,3.146,2.072,34.58,15.91,45.099999999999994,37.0,57.29
31.0,96.0,4.0,42.0,50.0,50.0,95.8,1.0,5.298,2.927,2.103,36.89,13.14,45.470000000000006,37.800000000000004,59.60000000000001
41.0,93.0,7.0,42.0,50.0,50.0,93.6,1.0,7.889000000000001,3.88,2.048,32.87,20.910000000000004,42.96,35.60000000000001,54.59000000000001
41.0,94.0,6.0,42.0,50.0,50.0,94.5,1.0,6.583,3.5219999999999994,2.0759999999999996,33.55,18.279999999999998,44.38,36.5,56.8
41.0,95.0,5.0,42.0,50.0,50.0,95.3,1.0,5.665000000000001,3.2299999999999995,2.112,33.790000000000006,15.809999999999999,47.13999999999999,37.300000000000004,59.080000000000005
41.0,96.0,4.0,42.0,50.0,50.0,96.2,1.0,4.9399999999999995,3.0340000000000003,2.15,35.44,12.809999999999999,48.32,38.199999999999996,61.39999999999999
51.0,93.0,7.0,42.0,50.0,50.0,94.1,1.0,7.141,3.972,2.101,32.870000000000005,20.130000000000003,43.57000000000001,36.10000000000001,56.39999999999999
51.0,94.0,6.0,42.0,50.0,50.0,95.0,1.0,6.483,3.557,2.095999999999999,32.14,18.68,44.38,37.0,57.39999999999999
51.0,95.0,5.0,42.0,50.0,50.0,95.8,1.0,5.532000000000001,3.322,2.142,34.129999999999995,15.289999999999997,47.260000000000005,37.800000000000004,59.7
51.0,96.0,4.0,42.0,50.0,50.0,96.7,1.0,4.807,3.036,2.165,36.339999999999996,12.499999999999998,46.39999999999999,38.699999999999996,62.03000000000001
61.0,93.0,7.0,42.0,50.0,50.0,94.8,1.0,6.7,4.115,2.124,31.990000000000002,20.12,44.52,36.800000000000004,57.11
61.0,94.0,6.0,42.0,50.0,50.0,95.6,1.0,5.962,3.749,2.168,32.760000000000005,17.82,46.45,37.60000000000001,59.419999999999995
61.0,95.0,5.0,42.0,50.0,50.0,96.4,1.0,5.122,3.402,2.191,34.53,15.1,47.05,38.39999999999999,61.79
61.0,96.0,4.0,42.0,50.0,50.0,97.3,1.0,4.439,3.1350000000000002,2.229,35.84,12.569999999999999,48.63000000000001,39.300000000000004,64.22
71.0,93.0,7.0,42.0,50.0,50.0,95.5,1.0,6.2509999999999994,4.272,2.1900000000000004,29.940000000000005,20.18,47.36,37.5,59.3
71.0,94.0,6.0,42.0,50.0,50.0,96.3,1.0,5.354,3.9159999999999995,2.232,33.32,16.740000000000002,45.85,38.300000000000004,61.69000000000001
71.0,95.0,5.0,42.0,50.0,50.0,97.2,1.0,4.700999999999999,3.575,2.2660000000000005,33.239999999999995,15.02,48.65,39.199999999999996,64.10000000000001
71.0,96.0,4.0,42.0,50.0,50.0,98.0,1.0,4.076,3.2629999999999995,2.289,36.67,11.899999999999997,49.0,40.0,66.60000000000001
81.0,93.0,7.0,42.0,50.0,50.0,96.3,1.0,5.57,4.431,2.26,28.580000000000002,19.359999999999996,48.49,38.300000000000004,61.7
81.0,94.0,6.0,42.0,50.0,50.0,97.2,1.0,4.891,4.135,2.3129999999999997,31.2,16.73,49.78,39.199999999999996,64.10000000000001
81.0,95.0,5.0,42.0,50.0,50.0,98.0,1.0,4.299999999999999,3.7629999999999995,2.344,34.07,14.260000000000002,48.74,40.0,66.60000000000001
81.0,96.0,4.0,42.0,50.0,50.0,98.9,1.0,4.023000000000001,3.3649999999999998,2.342,34.0,12.15,50.2,40.89999999999999,67.79999999999998
91.0,93.0,7.0,42.0,50.0,50.0,97.3,1.0,5.082000000000001,4.787999999999999,2.3499999999999996,30.9,18.21,47.39,39.300000000000004,64.29999999999998
91.0,94.0,6.0,42.0,50.0,50.0,98.2,1.0,4.516,4.314,2.403,31.8,16.339999999999996,49.239999999999995,40.199999999999996,66.79999999999998
91.0,95.0,5.0,42.0,50.0,50.0,99.0,1.0,4.161,3.85,2.397,33.94,14.2,47.67,41.0,68.02000000000001
91.0,96.0,4.0,42.0,50.0,50.0,99.8,1.0,3.7369999999999997,3.522,2.438,34.33,12.030000000000001,49.52,41.800000000000004,70.61
1.0,93.0,7.0,43.0,50.0,50.0,91.1,1.0,9.616999999999999,3.6100000000000003,1.964,32.63999999999999,22.020000000000003,43.349999999999994,34.10000000000001,51.60000000000001
1.0,94.0,6.0,43.0,50.0,50.0,91.9,1.0,8.717999999999998,3.2700000000000005,1.9660000000000004,35.56,18.96,41.18,34.89999999999999,52.489999999999995
1.0,95.0,5.0,43.0,50.0,50.0,92.8,1.0,7.132000000000001,3.0319999999999996,2.0,34.67,16.81,44.67999999999999,35.800000000000004,54.60000000000001
1.0,96.0,4.0,43.0,50.0,50.0,93.6,1.0,6.002999999999999,2.7940000000000005,2.021,35.779999999999994,13.7,47.17999999999999,36.60000000000001,56.89999999999999
11.0,93.0,7.0,43.0,50.0,50.0,91.2,1.0,9.504999999999999,3.647,1.968,33.63,21.499999999999996,42.87,34.199999999999996,51.7
11.0,94.0,6.0,43.0,50.0,50.0,92.0,1.0,7.859,3.3329999999999997,1.9989999999999999,35.370000000000005,18.110000000000003,43.5,35.0,53.85999999999999
11.0,95.0,5.0,43.0,50.0,50.0,92.9,1.0,7.047,3.011,1.9929999999999999,35.97000000000001,16.639999999999997,43.25999999999999,35.89999999999999,54.73
11.0,96.0,4.0,43.0,50.0,50.0,93.7,1.0,5.896,2.808,2.0269999999999997,38.94,13.279999999999998,42.96999999999999,36.699999999999996,57.0
21.0,93.0,7.0,43.0,50.0,50.0,91.4,1.0,9.462,3.646,1.9759999999999998,33.6,21.31,42.410000000000004,34.39999999999999,51.919999999999995
21.0,94.0,6.0,43.0,50.0,50.0,92.3,1.0,7.696000000000001,3.3650000000000007,2.002,35.21,18.669999999999998,43.03,35.300000000000004,54.10000000000001
21.0,95.0,5.0,43.0,50.0,50.0,93.1,1.0,6.567,3.107,2.0380000000000003,35.529999999999994,16.349999999999998,46.089999999999996,36.10000000000001,56.3
21.0,96.0,4.0,43.0,50.0,50.0,94.0,1.0,5.805000000000001,2.816,2.033,38.11000000000001,13.429999999999998,43.75000000000001,37.0,57.2
31.0,93.0,7.0,43.0,50.0,50.0,91.8,1.0,9.058,3.649,1.9819999999999998,31.670000000000005,21.58,42.989999999999995,34.800000000000004,52.3
31.0,94.0,6.0,43.0,50.0,50.0,92.6,1.0,7.460000000000001,3.3609999999999998,2.0119999999999996,35.10000000000001,18.630000000000003,43.480000000000004,35.60000000000001,54.5
31.0,95.0,5.0,43.0,50.0,50.0,93.5,1.0,6.321,3.14,2.05,35.74999999999999,15.45,44.89,36.5,56.7
31.0,96.0,4.0,43.0,50.0,50.0,94.3,1.0,5.3629999999999995,2.92,2.082,35.87,13.430000000000001,48.56,37.300000000000004,59.0
41.0,93.0,7.0,43.0,50.0,50.0,92.2,1.0,8.094,3.757,2.023,32.92,20.34,44.019999999999996,35.199999999999996,54.05
41.0,94.0,6.0,43.0,50.0,50.0,93.1,1.0,6.855000000000001,3.518,2.067,36.53,17.330000000000002,43.19,36.10000000000001,56.3
41.0,95.0,5.0,43.0,50.0,50.0,93.9,1.0,6.218,3.168,2.072,35.32,16.009999999999998,44.11,36.89999999999999,57.2
41.0,96.0,4.0,43.0,50.0,50.0,94.7,1.0,5.2379999999999995,2.896,2.088,36.81,13.05,45.04,37.699999999999996,59.5
51.0,93.0,7.0,43.0,50.0,50.0,92.8,1.0,7.897,3.8899999999999997,2.0490000000000004,29.220000000000006,21.48,46.980000000000004,35.800000000000004,54.7
51.0,94.0,6.0,43.0,50.0,50.0,93.6,1.0,6.517,3.565,2.086,33.43,18.16,44.61,36.60000000000001,56.90999999999999
51.0,95.0,5.0,43.0,50.0,50.0,94.5,1.0,5.634,3.2650000000000006,2.117,33.800000000000004,15.809999999999999,48.440000000000005,37.5,59.2
51.0,96.0,4.0,43.0,50.0,50.0,95.3,1.0,4.851000000000001,3.037,2.151,35.559999999999995,13.059999999999999,48.529999999999994,38.300000000000004,61.60000000000001
61.0,93.0,7.0,43.0,50.0,50.0,93.5,1.0,6.944,4.022,2.1079999999999997,33.08,20.23,43.690000000000005,36.5,56.8
61.0,94.0,6.0,43.0,50.0,50.0,94.3,1.0,6.0120000000000005,3.718,2.152,31.9,18.49,46.93,37.300000000000004,59.09000000000001
61.0,95.0,5.0,43.0,50.0,50.0,95.2,1.0,5.1339999999999995,3.4300000000000006,2.187,36.01,15.160000000000002,46.81,38.199999999999996,61.39999999999999
61.0,96.0,4.0,43.0,50.0,50.0,96.0,1.0,4.51,3.143,2.217,37.55,12.260000000000002,47.230000000000004,39.0,63.879999999999995
71.0,93.0,7.0,43.0,50.0,50.0,94.3,1.0,6.261,4.237,2.1770000000000005,31.85,19.449999999999996,45.1,37.300000000000004,59.0
71.0,94.0,6.0,43.0,50.0,50.0,95.1,1.0,5.404000000000001,3.875,2.217,33.64,17.150000000000002,46.31,38.10000000000001,61.39999999999999
71.0,95.0,5.0,43.0,50.0,50.0,96.0,1.0,4.993,3.442999999999999,2.2199999999999998,32.58,15.250000000000004,46.550000000000004,39.0,62.48
71.0,96.0,4.0,43.0,50.0,50.0,96.8,1.0,4.297,3.165,2.242,37.05,12.11,47.25,39.800000000000004,64.89999999999999
81.0,93.0,7.0,43.0,50.0,50.0,95.2,1.0,5.623,4.407,2.2440000000000007,32.17,19.130000000000003,46.12,38.199999999999996,61.5
81.0,94.0,6.0,43.0,50.0,50.0,96.0,1.0,4.885,4.16,2.299,30.889999999999997,17.6,48.64,39.0,63.89999999999999
81.0,95.0,5.0,43.0,50.0,50.0,96.9,1.0,4.537999999999999,3.643,2.2950000000000004,31.78,15.41,49.6,39.89999999999999,65.08000000000001
81.0,96.0,4.0,43.0,50.0,50.0,97.7,1.0,4.007,3.335,2.3280000000000003,32.83,12.729999999999999,50.54,40.699999999999996,67.59
91.0,93.0,7.0,43.0,50.0,50.0,96.2,1.0,5.116,4.651000000000001,2.334,29.880000000000003,18.8,48.48,39.199999999999996,64.20000000000002
91.0,94.0,6.0,43.0,50.0,50.0,97.1,1.0,4.468999999999999,4.2860000000000005,2.3869999999999996,31.65,16.119999999999997,49.209999999999994,40.10000000000001,66.70000000000002
91.0,95.0,5.0,43.0,50.0,50.0,97.9,1.0,4.176,3.8590000000000004,2.3979999999999997,32.05,14.25,50.690000000000005,40.89999999999999,67.89999999999999
91.0,96.0,4.0,43.0,50.0,50.0,98.8,1.0,3.7089999999999996,3.525,2.431,33.39,11.94,50.74,41.800000000000004,70.5
1.0,93.0,7.0,44.0,50.0,50.0,89.4,1.0,11.729999999999999,3.472,1.908,33.150000000000006,21.790000000000003,41.51,33.39999999999999,49.60000000000001
1.0,94.0,6.0,44.0,50.0,50.0,90.2,1.0,9.023,3.1870000000000003,1.94,35.3,19.490000000000002,43.03000000000001,34.199999999999996,51.7
1.0,95.0,5.0,44.0,50.0,50.0,91.1,1.0,7.449000000000001,2.9899999999999998,1.98,36.6,16.66,44.17,35.10000000000001,53.89999999999999
1.0,96.0,4.0,44.0,50.0,50.0,91.9,1.0,6.666999999999999,2.7150000000000003,1.9710000000000005,39.86,13.51,41.65,35.89999999999999,54.7
11.0,93.0,7.0,44.0,50.0,50.0,89.6,1.0,10.809999999999999,3.4800000000000004,1.9149999999999998,34.16,21.38,41.39,33.60000000000001,49.800000000000004
11.0,94.0,6.0,44.0,50.0,50.0,90.4,1.0,9.007000000000001,3.163,1.94,34.160000000000004,19.199999999999996,43.260000000000005,34.39999999999999,51.89999999999999
11.0,95.0,5.0,44.0,50.0,50.0,91.2,1.0,7.4959999999999996,2.975,1.9739999999999998,35.41,17.08,46.39000000000001,35.199999999999996,54.09000000000001
11.0,96.0,4.0,44.0,50.0,50.0,92.1,1.0,6.13,2.765,2.004,39.83,13.2,43.45,36.10000000000001,56.3
21.0,93.0,7.0,44.0,50.0,50.0,89.9,1.0,10.78,3.46,1.9240000000000002,34.36,21.65,39.75000000000001,33.89999999999999,50.10000000000001
21.0,94.0,6.0,44.0,50.0,50.0,90.7,1.0,8.834,3.2339999999999995,1.956,36.46000000000001,18.34,40.379999999999995,34.699999999999996,52.2
21.0,95.0,5.0,44.0,50.0,50.0,91.5,1.0,7.302,3.003,1.9900000000000002,36.36,16.33,42.75,35.5,54.39999999999999
21.0,96.0,4.0,44.0,50.0,50.0,92.4,1.0,6.0489999999999995,2.7979999999999996,2.018,37.910000000000004,13.719999999999999,45.459999999999994,36.39999999999999,56.60000000000001
31.0,93.0,7.0,44.0,50.0,50.0,90.3,1.0,9.582,3.621,1.9689999999999999,32.75000000000001,21.85,43.02,34.300000000000004,51.78000000000001
31.0,94.0,6.0,44.0,50.0,50.0,91.1,1.0,7.975,3.364,2.0,34.660000000000004,18.82,43.84,35.10000000000001,53.89999999999999
31.0,95.0,5.0,44.0,50.0,50.0,92.0,1.0,7.047,3.017,2.001,34.029999999999994,16.85,43.589999999999996,36.0,54.8
31.0,96.0,4.0,44.0,50.0,50.0,92.8,1.0,5.886999999999999,2.813,2.0300000000000002,38.760000000000005,13.319999999999999,43.07,36.800000000000004,57.010000000000005
41.0,93.0,7.0,44.0,50.0,50.0,90.8,1.0,9.068,3.686,1.9899999999999998,33.13,21.16,41.2,34.800000000000004,52.3
41.0,94.0,6.0,44.0,50.0,50.0,91.6,1.0,7.4719999999999995,3.38,2.0129999999999995,36.36,18.270000000000003,42.25999999999999,35.60000000000001,54.5
41.0,95.0,5.0,44.0,50.0,50.0,92.5,1.0,6.312,3.1719999999999997,2.0580000000000007,34.53,16.25,46.42,36.5,56.7
41.0,96.0,4.0,44.0,50.0,50.0,93.3,1.0,5.399,2.8869999999999996,2.075,36.89,13.26,46.76,37.300000000000004,59.0
51.0,93.0,7.0,44.0,50.0,50.0,91.4,1.0,8.074,3.8050000000000006,2.032,34.17,20.530000000000005,42.53999999999999,35.39999999999999,54.3
51.0,94.0,6.0,44.0,50.0,50.0,92.3,1.0,6.699,3.503,2.073,32.65,19.03,46.39,36.300000000000004,56.5
51.0,95.0,5.0,44.0,50.0,50.0,93.1,1.0,5.722,3.2640000000000002,2.115,36.79,15.74,44.980000000000004,37.10000000000001,58.8
51.0,96.0,4.0,44.0,50.0,50.0,94.0,1.0,5.258999999999999,2.9230000000000005,2.1,35.31,13.440000000000001,46.25,38.0,59.769999999999996
61.0,93.0,7.0,44.0,50.0,50.0,92.2,1.0,7.212000000000001,3.9810000000000003,2.093,32.410000000000004,20.15,45.019999999999996,36.199999999999996,56.40999999999999
61.0,94.0,6.0,44.0,50.0,50.0,93.0,1.0,6.017999999999999,3.681,2.1369999999999996,33.83,17.7,45.81000000000001,37.0,58.7
61.0,95.0,5.0,44.0,50.0,50.0,93.9,1.0,5.569000000000001,3.286,2.135,33.36,15.709999999999999,47.12,37.89999999999999,59.7
61.0,96.0,4.0,44.0,50.0,50.0,94.7,1.0,4.853,3.03,2.1620000000000004,35.56,12.85,48.61,38.699999999999996,62.080000000000005
71.0,93.0,7.0,44.0,50.0,50.0,93.1,1.0,6.313000000000001,4.225,2.1630000000000003,31.080000000000002,19.919999999999998,46.6,37.10000000000001,58.779999999999994
71.0,94.0,6.0,44.0,50.0,50.0,93.9,1.0,5.7620000000000005,3.7,2.1630000000000003,31.279999999999994,18.59,46.93,37.89999999999999,59.8
71.0,95.0,5.0,44.0,50.0,50.0,94.8,1.0,5.033,3.432,2.21,34.779999999999994,14.940000000000001,46.05,38.800000000000004,62.2
71.0,96.0,4.0,44.0,50.0,50.0,95.6,1.0,4.397,3.192,2.243,34.260000000000005,13.040000000000001,49.1,39.60000000000001,64.61
81.0,93.0,7.0,44.0,50.0,50.0,94.1,1.0,5.736,4.4479999999999995,2.249,30.389999999999997,19.220000000000002,48.629999999999995,38.10000000000001,61.290000000000006
81.0,94.0,6.0,44.0,50.0,50.0,94.9,1.0,5.2219999999999995,3.9129999999999994,2.2470000000000003,31.920000000000005,17.15,46.50000000000001,38.89999999999999,62.39999999999999
81.0,95.0,5.0,44.0,50.0,50.0,95.8,1.0,4.578999999999999,3.625,2.285,30.72,15.139999999999997,50.05,39.800000000000004,64.85
81.0,96.0,4.0,44.0,50.0,50.0,96.6,1.0,4.05,3.315,2.3259999999999996,35.07,11.940000000000001,48.84,40.60000000000001,67.39
91.0,93.0,7.0,44.0,50.0,50.0,95.2,1.0,5.145000000000001,4.736,2.343,29.259999999999998,19.5,49.8,39.199999999999996,64.10000000000001
91.0,94.0,6.0,44.0,50.0,50.0,96.0,1.0,4.495,4.257000000000001,2.3739999999999997,31.110000000000003,15.919999999999998,49.849999999999994,40.0,66.60000000000001
91.0,95.0,5.0,44.0,50.0,50.0,96.9,1.0,4.186999999999999,3.877,2.399,34.29,14.079999999999998,47.53000000000001,40.89999999999999,67.79999999999998
91.0,96.0,4.0,44.0,50.0,50.0,97.7,1.0,3.7070000000000007,3.529000000000001,2.435,32.53,12.210000000000003,51.660000000000004,41.699999999999996,70.39999999999999
1.0,93.0,7.0,41.0,50.0,50.0,94.5,1.0,7.874,3.7960000000000003,2.037,33.38,20.63,43.86,35.5,54.39999999999999
1.0,94.0,6.0,41.0,50.0,50.0,95.4,1.0,6.689,3.4900000000000007,2.0760000000000005,32.5,18.580000000000002,45.620000000000005,36.39999999999999,56.64000000000001
1.0,95.0,5.0,41.0,50.0,50.0,96.2,1.0,5.682,3.2310000000000003,2.1069999999999998,35.5,15.63,45.94,37.199999999999996,58.92999999999999
1.0,96.0,4.0,41.0,50.0,50.0,97.1,1.0,4.983999999999999,3.0069999999999997,2.1460000000000004,36.03,12.440000000000001,48.58,38.10000000000001,61.3
11.0,93.0,7.0,41.0,50.0,50.0,94.5,1.0,7.9430000000000005,3.846,2.041,33.12,20.77,43.54,35.5,54.39999999999999
11.0,94.0,6.0,41.0,50.0,50.0,95.3,1.0,6.766999999999999,3.5370000000000004,2.0740000000000003,33.08,18.81,45.92999999999999,36.300000000000004,56.60000000000001
11.0,95.0,5.0,41.0,50.0,50.0,96.2,1.0,5.745,3.246,2.1119999999999997,35.019999999999996,15.6,46.629999999999995,37.199999999999996,58.89999999999999
11.0,96.0,4.0,41.0,50.0,50.0,97.0,1.0,4.949,3.005,2.1409999999999996,36.88,13.039999999999997,47.730000000000004,38.0,61.25
21.0,93.0,7.0,41.0,50.0,50.0,94.6,1.0,7.9510000000000005,3.847,2.0420000000000003,32.92,20.6,42.96,35.60000000000001,54.5
21.0,94.0,6.0,41.0,50.0,50.0,95.4,1.0,6.7219999999999995,3.521,2.0789999999999997,33.290000000000006,18.619999999999997,45.26,36.39999999999999,56.7
21.0,95.0,5.0,41.0,50.0,50.0,96.3,1.0,5.619,3.229,2.1069999999999998,34.8,15.55,47.57000000000001,37.300000000000004,59.0
21.0,96.0,4.0,41.0,50.0,50.0,97.1,1.0,4.912999999999999,3.0119999999999996,2.145,38.730000000000004,12.27,45.519999999999996,38.10000000000001,61.31999999999999
31.0,93.0,7.0,41.0,50.0,50.0,94.8,1.0,7.904000000000001,3.8890000000000002,2.051,33.089999999999996,20.380000000000003,42.43000000000001,35.800000000000004,54.7
31.0,94.0,6.0,41.0,50.0,50.0,95.6,1.0,6.676,3.521,2.087,31.23,19.4,47.330000000000005,36.60000000000001,56.89999999999999
31.0,95.0,5.0,41.0,50.0,50.0,96.5,1.0,5.644,3.255,2.123,34.67,15.64,46.95,37.5,59.2
31.0,96.0,4.0,41.0,50.0,50.0,97.3,1.0,4.852,3.0420000000000003,2.154,38.519999999999996,12.56,45.59,38.300000000000004,61.60000000000001
41.0,93.0,7.0,41.0,50.0,50.0,95.1,1.0,7.2010000000000005,3.999,2.0989999999999998,32.75,20.370000000000005,44.69000000000001,36.10000000000001,56.3
41.0,94.0,6.0,41.0,50.0,50.0,95.9,1.0,6.481999999999999,3.5760000000000005,2.096,32.81,18.779999999999998,45.449999999999996,36.89999999999999,57.3
41.0,95.0,5.0,41.0,50.0,50.0,96.8,1.0,5.574,3.2920000000000003,2.1329999999999996,35.760000000000005,15.209999999999999,44.89,37.800000000000004,59.60000000000001
41.0,96.0,4.0,41.0,50.0,50.0,97.6,1.0,4.7890000000000015,3.0170000000000003,2.162,34.769999999999996,13.329999999999998,48.89,38.60000000000001,61.989999999999995
51.0,93.0,7.0,41.0,50.0,50.0,95.5,1.0,6.931,4.029999999999999,2.109000000000001,32.449999999999996,20.270000000000003,44.24,36.5,56.81
51.0,94.0,6.0,41.0,50.0,50.0,96.3,1.0,6.002,3.71,2.153,32.62,17.229999999999997,46.220000000000006,37.300000000000004,59.10000000000001
51.0,95.0,5.0,41.0,50.0,50.0,97.2,1.0,5.192,3.406,2.1849999999999996,31.72,15.6,50.46,38.199999999999996,61.48
51.0,96.0,4.0,41.0,50.0,50.0,98.0,1.0,4.5120000000000005,3.168,2.226,37.75000000000001,12.290000000000001,48.42999999999999,39.0,63.89999999999999
61.0,93.0,7.0,41.0,50.0,50.0,96.0,1.0,6.333,4.186,2.166,32.980000000000004,19.270000000000003,45.32000000000001,37.0,58.71
61.0,94.0,6.0,41.0,50.0,50.0,96.9,1.0,5.804,3.7689999999999997,2.176,33.3,17.110000000000003,45.510000000000005,37.89999999999999,59.8
61.0,95.0,5.0,41.0,50.0,50.0,97.7,1.0,5.01,3.489,2.216,35.239999999999995,14.790000000000001,46.99,38.699999999999996,62.19000000000001
61.0,96.0,4.0,41.0,50.0,50.0,98.6,1.0,4.425000000000001,3.181,2.2489999999999997,34.14,12.72,49.03,39.60000000000001,64.60000000000001
71.0,93.0,7.0,41.0,50.0,50.0,96.7,1.0,6.137,4.2459999999999996,2.194,31.3,19.380000000000003,46.080000000000005,37.699999999999996,59.60000000000001
71.0,94.0,6.0,41.0,50.0,50.0,97.6,1.0,5.302,3.878,2.2350000000000003,32.98,17.54,46.53000000000001,38.60000000000001,61.989999999999995
71.0,95.0,5.0,41.0,50.0,50.0,98.4,1.0,4.593999999999999,3.592,2.274,33.230000000000004,15.169999999999998,49.08,39.39999999999999,64.39999999999999
71.0,96.0,4.0,41.0,50.0,50.0,99.2,1.0,4.117,3.3010000000000006,2.312,35.029999999999994,12.34,50.05,40.199999999999996,66.89999999999999
81.0,93.0,7.0,41.0,50.0,50.0,97.5,1.0,5.571,4.469,2.266,30.139999999999997,19.18,47.37,38.5,61.89999999999999
81.0,94.0,6.0,41.0,50.0,50.0,98.3,1.0,4.832000000000001,4.129,2.311,30.01,17.45,50.62,39.300000000000004,64.29999999999998
81.0,95.0,5.0,41.0,50.0,50.0,99.2,1.0,4.263,3.745,2.3449999999999998,33.84,14.129999999999999,48.529999999999994,40.199999999999996,66.79999999999998
81.0,96.0,4.0,41.0,50.0,50.0,100.0,1.0,3.8190000000000004,3.5100000000000002,2.414,36.209999999999994,11.53,49.46,41.0,69.39999999999999
91.0,93.0,7.0,41.0,50.0,50.0,98.4,1.0,5.089,4.7170000000000005,2.351,30.569999999999993,18.82,47.129999999999995,39.39999999999999,64.39999999999999
91.0,94.0,6.0,41.0,50.0,50.0,99.2,1.0,4.459,4.26,2.386,32.06999999999999,15.91,48.559999999999995,40.199999999999996,66.89999999999999
91.0,95.0,5.0,41.0,50.0,50.0,100.0,1.0,3.973,3.9900000000000007,2.448,31.570000000000004,13.830000000000002,50.68000000000001,41.10000000000001,69.47999999999999
91.0,96.0,4.0,41.0,50.0,50.0,101.0,1.0,3.71,3.5469999999999997,2.45,34.86,11.237999999999998,49.95,41.89999999999999,70.73
